Value,count,ratio
100.0,75,0.027891409445890667
110.0,5,0.001859427296392711
120.0,159,0.05912978802528821
130.0,4,0.0014875418371141688
140.0,1,0.0003718854592785422
150.0,111,0.04127928597991819
160.0,4,0.0014875418371141688
170.0,1,0.0003718854592785422
200.0,2027,0.7538118259576051
210.0,5,0.001859427296392711
220.0,4,0.0014875418371141688
240.0,10,0.003718854592785422
250.0,283,0.10524358497582745
